,Copies,Helstrom sim,Fidelity sim
0,1,1984.5185762647197,176.6489285426076
0,2,2797.0340922161063,352.2819438225447
